Group,Avg_Quantity,Avg_Revenue
A_Current,4.970916159623415,830.2424169803028
B_Optimal,4.819010230269896,1497.073718135646
